"tweet_id","created_at","engagements","followers_at_post","url","text"
"1966627346720403495","2025-09-12T22:17Z","15000000","284500","https://x.com/ProjectConstitu/status/1966627346720403495","🚨EXCLUSIVE: FULL Lost Debate Video Shows Charlie Kirk HUMILIATING His Future Killer Leftist Tyler Robinson's Meltdown EXPOSED🔥 Unearthed Footage Reveals Chilling Debate Between Charlie Kirk and His Future Assassin Tyler Robinson A Stark Warning on Radical Indoctrination In a tragic turn of events today conservative icon Charlie Kirk was gunned down at Utah Valley University by 22-year-old Tyler Robinson the SAME unhinged leftist who clashed with him in a heated debate EXACTLY ONE YEAR AGO. This full unedited debate from that confrontation lays it ALL bare: Robinson's sick narcissistic"
"1973422630888931397","2025-10-01T16:19Z","13900000","230500","https://x.com/ProjectConstitu/status/1973422630888931397","🚨 BREAKING ANALYSIS: New Video Evidence Suggests Shot Fired FROM INSIDE the Tent https://x.com/ProjectConstitu/status/1973304018572071043 https://t.co/QySvAXMIPQ https://x.com/ProjectConstitu/status/1973304018572071043 https://t.co/QySvAXMIPQ"
"1974524484158681334","2025-10-04T17:18Z","13600000","246100","https://x.com/ProjectConstitu/status/1974524484158681334","🚨BREAKING: NEW CAMERA ANGLE BLOWS OPEN CHARLIE KIRK SHOOTING Shooter HID Behind Tent Another day another camera angle and this one changes EVERYTHING. From this new footage you can clearly see what Ive been saying: Charlie was shot from BEHIND the tent with what appears to be an Israeli CornerShot-style weapon fired through the gap between the top of the tent and the vinyl banner. Watch closely: the moment the shot rings out the camera crew instantly pivots toward the direction of the shot exactly where I believe the real shooter was hiding. We need to see the full footage from that camera"
"2032664550525268015","2026-03-14T03:46Z","11700000","284400","https://x.com/ProjectConstitu/status/2032664550525268015","🚨 THE SMOKING GUN: Leaked DOJ Wiretap Audio Captures Erika Kirk Scheduling Underage Girls for Epstein 😱 I have been sent a bombshell audio file and I have verified its authenticity. This is not a rumor. This is not a theory. This is a recorded phone call from the DOJ's own website hidden in plain sight within the released Epstein Files (DataSet 9). The direct link is posted below for anyone to check in the: This audio captures a young girl who is clearly an informant for the DOJ on a recorded phone call with ERIKA KIRK. You can hear the DOJ agents coaching the girl before and after the"
"1969499443545141752","2025-09-20T20:30Z","7700000","280300","https://x.com/ProjectConstitu/status/1969499443545141752","🚨BOMBSHELL: MIND-BLOWING Twist In Charlie Kirk MURDER: Shot From UTILITY SHAFT BEHIND HIM We Might've Been WRONG All Along New footage just droppedwatch this BLUR of something ZOOMING FAST exiting BETWEEN Charlie's legs near his knees Line up the trajectory to his neck wound. and BAM it points STRAIGHT to that utility shaft right in line behind him If true this OBLITERATES every theoryincluding my original one and the FBI's roof BS Bullet path from below/behind Hmm. makes you wonder what ELSE they're hiding. Thoughts everyone This could CHANGE the game VIDEO FROM: @Oh_Skiller THOUGHTS"
"1993746024058224816","2025-11-26T18:17Z","7000000","250700","https://x.com/ProjectConstitu/status/1993746024058224816","🚨SHOCKING: A Young CHRISTIAN WOMAN Walked Into A TPUSA Faith Event Expecting Jesus She Left HORRIFIED. Heres What She Witnessed: I went to a Turning Point USA Faith event tonight thinking Id hear politics through a biblical lens. Instead I got 90 minutes of weaponized hate from the stage and it broke my heart. The speaker opened by declaring Candace Owens evil and anti-Semitic before even opening the Bible. He spent the night trashing Tucker Carlson calling left-leaning people idiots freaks and losers while the crowd cheered. He preached that Christians must support the modern nation-state"
"2037267819503517932","2026-03-26T20:37Z","6900000","274400","https://x.com/ProjectConstitu/status/2037267819503517932","🚨EXPOSED: Newly RESURFACED Video of Erika Kirk in a Bathrobe Rapping In BED With Her Then Roommate Sydney Stahl Give Off HUGE Lesbian Vibes😱 A newly resurfaced 2018 video just dropped showing Erika Kirk (formerly Frantzve) half-naked in a bathrobe rapping alongside her then roomate and former Miss North Carolina USA Sydney Stahl. And if the video itself wasn't enough of a red flag regarding the carefully crafted ""conservative"" image Erika projects today the context behind their relationship raises even more massive questions. Back in 2018 Erika and Sydney were roommates in New York City. We"
"2026776492282139091","2026-02-25T21:49Z","6200000","284400","https://x.com/ProjectConstitu/status/2026776492282139091","🚨LET""S GO Candace Owens New Erika Kirk Docuseries ""The Bride Of Charlie"" Drops NOW : A Wrinkle In Time Episode 1 / FOLLOW @RealCandaceO https://www.youtube.com/live/ZAsV0fHGBiMsi=0yep8zUGWBLT22Be https://www.youtube.com/live/ZAsV0fHGBiMsi=0yep8zUGWBLT22Be"
"1967477012647342455","2025-09-15T06:34Z","5900000","160400","https://x.com/ProjectConstitu/status/1967477012647342455","🚨 BREAKING: VIDEO Suggest Charlie Kirk Might Of Been SHOT From The Right Side From Behind Not From Some Rooftop Sniper This public video is crystal clear and appears to show that Charlie Kirk might have been shot from the right side from behind not from some rooftop sniper You can even spot what appears to be the bullet streaking in just before impact and in another angle catch its reflection off someone's phone screenis this proof of a close-range hit from the rear. The trajectory the blood spray the way he fellit's all there. This explains why the FBI can't ""find"" the bullet that killed"
"1982018864486535468","2025-10-25T09:38Z","5200000","246400","https://x.com/ProjectConstitu/status/1982018864486535468","🚨 BOMBSHELL EXPOS: Pastor Rob McCoy CAUGHT LYING About His Son's ""Heroic"" Actions After Charlie Kirk's Assassination😡 In a fiery Sunday sermon Pastor Rob McCoy painted a heroic picture of his 24-year-old son Mikey McCoyCharlie Kirk's personal chef chief of staff and supposed best friend who was right by his side at UVU on that fateful day. Rob claimed: ""The minute Charlie was shot he called me. 'Dad Charlie's been shot in the neck. Please call every pastor and pray.' . He had wits about him he was just directing he had blood all over him. Still there phone in his hand texting talking."" But"
"2026813316039848010","2026-02-26T00:15Z","5000000","284400","https://x.com/ProjectConstitu/status/2026813316039848010","🚨BOMBSHELL: Candace Owens Just UNCOVERED Erika Kirk's SECRET Early Years And Its WILDER Than Anyone Expected. Was Erika BORN A MALE 🤯 Tonight on The Bride of Charlie Candace dropped the most mind-blowing connection yet. Erika didnt just move to Arizona after the divorce. She attended an ultra-elite ultra-weird charter school called Tesseract literally housed inside a Jewish school named Gaan Yaladim Looking Glass School. Yes. Looking Glass. The same name as the top-secret CIA Project Looking Glass the alleged time-travel program that used stolen Sumerian technology to peer into the future."
"2042590760512401454","2026-04-10T13:09Z","4900000","284500","https://x.com/ProjectConstitu/status/2042590760512401454","🚨EXPOSED: Palm Beach Pete Has the Exact Same Mark as Jeffrey Epstein The Final Proof That Jeffrey Epstein is Alive😱 This is the final piece of proof. They faked Jeffrey Epstein's suicide and we have him. This is not a theory anymore. It started with the uncanny resemblance. A man driving a luxury car in Palm Beach who looked so much like Epstein it set the internet on fire. Then online sleuths matched his teeth. The dental records didn't lie. Then in a bombshell TMZ interview ""Palm Beach Pete"" admitted to living in New York City when Epstein was there and then in Palm Beach when Epstein"
"2032559982596489687","2026-03-13T20:50Z","4600000","284500","https://x.com/ProjectConstitu/status/2032559982596489687","BOMBSHELL: Video Drops That APPEARS To Be Jeffrey Epstein Very Much ALIVE Driving Down A South Florida Highway Forget what you were told. New video has surfaced appearing to show Jeffrey Epstein very much alive cruising down a South Florida highway in a luxury convertible. The man in the video has his unmistakable profile and he doesn't have a care in the world. This is the video the deep state prayed would never see the light of day. For years we've been fed the narrative of a convenient suicide in a jail cell. We were told to believe the official story to stop asking questions. But this"
"1994156290378027102","2025-11-27T21:28Z","4500000","258300","https://x.com/ProjectConstitu/status/1994156290378027102","🚨 ALERT: Afghan National Involved in Fairfax Police Shooting Linked to Recent DC Incident Involving National Guard Members Yesterday November 26 two National Guard membersPfc. Andrew Wolfe 24 and Spc. Sarah Beckstrom 20were critically injured in a shooting near the White House in Washington DC. The suspect Rahmanullah Lakanwal an Afghan national who entered the U.S. in 2021 reportedly drove from across the country before the incident. Both service members who had just been sworn in less than 24 hours prior as part of enhanced security measures under President Trump are receiving medical"
"2022612404798923120","2026-02-14T10:02Z","4400000","284500","https://x.com/ProjectConstitu/status/2022612404798923120","🚨UPDATE: Here's The Latest On My Dads Condition.💔🧑⚕ To everyone who has reached out asking how to help with my dad's medical emergency: I listened to your advice and started a fundraiser. If you are able to support us during this difficult time you can do so here: Thank you all and God Bless.🙏 http://spot.fund/c9fbtkjst http://spot.fund/c9fbtkjst"
"2026498159728300329","2026-02-25T03:23Z","4300000","274700","https://x.com/ProjectConstitu/status/2026498159728300329","🚨BREAKING: TRUMP Just Set The PERFECT TRAP And DEMOCRATS Walked Right Into It 🫣 Tonight in the State of the Union President Trump dropped a masterclass in political chess. He looked every single member of Congress in the eye and said: So tonight Im inviting every legislator to join with my administration and reaffirm a fundamental principle. If you agree with this statement and stand up and show your support the first duty of the American government is to protect American citizens not illegal aliens. He knew exactly what he was doing. The Democrats whove spent weeks screaming about dictator"
"1989293822614917209","2025-11-14T11:26Z","4099999","284500","https://x.com/ProjectConstitu/status/1989293822614917209","🚨BOMBSHELL: New Video Emerges ShowingMUZZLE FLASH FROM HELICOPTER Overhead During the LAS VEGAS SHOOTING That Claimed 60 Lives and Injured 413 Others On October 1 2017 the official narrative states that 64-year-old Stephen Paddock unleashed horror from his 32nd-floor suite at the Mandalay Bay hotel firing over 1000 rounds into the crowd at the Route 91 Harvest music festival on the Las Vegas Strip. Sixty individuals perished at least 413 were wounded by gunfire and the ensuing chaos elevated the total injured to approximately 867. An hour later Paddock was discovered deceased in his room"
"2029766560114467113","2026-03-06T03:50Z","4099999","284300","https://x.com/ProjectConstitu/status/2029766560114467113","🚨UPDATE ON MY DAD'S JOURNEY: I am fighting the medical system the state and my own family just to protect my dad in his darkest hour. If you have ever had to fight for a parent you know how hard this is. Thank you to everyone standing with me. First I want to say a massive thank you for all the love prayers and support youve shown so far. I am deeply appreciative of every single one of you. Thanks to your generosity we were able to cover his rent and bills for this month. Dad is officially out of the hospital. We had hoped he would be transferred to a live-in acute care rehab facility where"
"1890233359894184236","2025-02-14T02:55Z","4099999","284500","https://x.com/ProjectConstitu/status/1890233359894184236","🚨 SHOCKING REVELATION: The Biden Administration HID $20 BILLION in GOLD BARS at banks OUTSIDE of government oversight 📷 According to @epaleezeldin this treasure was literally tossed off the Titanic by the current admin and stashed away from public eyes. But guess what The truth is out and now the gold is being hauled back to the EPA to serve the American taxpayer 📷📷 This isn't just about gold; it's about accountability transparency and fighting the corruption that's been draining our resources. It's time to #DrainTheSwamp and bring back what rightfully belongs to us Let's spread the word"
"1950827253039780324","2025-07-31T07:53Z","4000000","284400","https://x.com/ProjectConstitu/status/1950827253039780324","🚨 Home Depot What The Hell Is This 🛑 Has anyone ever heard of this before This guys been building for 37 years. Lumber comes in standard lengths: 8 ft = 96 inches. Thats always been the deal. Period. So why the hell is Home Depot selling 2x4s that are only 92 inches long He bought 40 of them for an 8x8 shed build. Floors in everything framed then NOTHING lined up. Everythings short. All his measurements are off. The plywood doesnt fit. The whole project is jacked. He even started second-guessing himself like maybe he was crazy and always assumed 2x4s were 96"". But nope. These studs are"
"2036885930917978177","2026-03-25T19:20Z","3700000","284500","https://x.com/ProjectConstitu/status/2036885930917978177","🚨 LEAKED TAPE: Erika Kirk's UNREGISTERED Meeting Triggers FORMAL Investigation and Massive LAWSUIT😱 While TPUSA was allegedly applying backroom pressure to get @ZeeToTheHill and @TheOmniLiberal CANCELED at ASU Erika Kirk snuck onto campus to hold a secret UNREGISTERED meeting. Our inside sources confirm ASU is now launching a formal investigation that will lead to disciplinary action against the TPUSA chapter. The ultimate irony In the leaked tape below a student asks Erika about the war with Iranthe exact issue Charlie was fighting against. Erika completely deflects and tells the chapter"
"2025706776260120871","2026-02-22T22:58Z","3600000","270100","https://x.com/ProjectConstitu/status/2025706776260120871","🚨BOMBSHELL: NEVER-BEFORE-SEEN TPUSA Camera STILLS From Behind Charlie LEAKED From The Day He Was KILLED Dark Marks VISIBLE On His Hands 😱 Is This The Reason These Camera's Have Been CONCEALED From The PUBLIC Two shocking still images have just leaked from the camera stationed behind Charlie Kirk during his tragic assassination at UVU This is the SAME CAMERA that Terryl Farnsworth immediately took down within minutes of the chaos after that fateful bang. Why would they try to conceal this evidence 🤔 The still images chilling details emerge including markings on Charlie Kirk's hands that"
"1943971087944990782","2025-07-12T09:49Z","3600000","284500","https://x.com/ProjectConstitu/status/1943971087944990782","🚨BREAKING: THE FULL UNREDACTED EPSTEIN FLIGHT LOGS HAVE BEEN RELEASED EVERY. SINGLE. PAGE. No redactions. No missing entries. The entire flight manifest is now PUBLIC. They swore wed never see this. They buried the truth. But were NOT letting this story die. We are DEMANDING: 1 The DOJ IMMEDIATELY release all Epstein-related files. 2 Attorney General Pam Bondi RESIGN for protecting the elite and failing the victims. This is the document they never wanted you to see. 📽 Watch the full video and find out whos been flying dirty. ⚠ Share before its censored"
"2002086357615710360","2025-12-19T18:39Z","3500000","284000","https://x.com/ProjectConstitu/status/2002086357615710360","🚨SHOCKING: Erika Kirks Devout Catholic Widow Act COLLAPSESHalf Her Family Is Jewish & Her Cousin Just Exposed the Wild Party Girl Lies😱 Erika Kirk's ""pure conservative Catholic widow"" persona is FALLING APARTand the family secrets are insane. She claims no real dating/partying/drinking for years before Charlie shades wild lifestyles and presents as fully Catholic traditionalist. But look closer: Her aunt Karla Frantzve (her dad's sister) married casino tycoon Jack D. Solomon in Vegas (2002 marriage cert30+ year age gap). Meet Karla Frantzve Solomonlives in Salt Lake City Utah studied at"
"1993027132793225453","2025-11-24T18:41Z","3400000","250200","https://x.com/ProjectConstitu/status/1993027132793225453","🚨BREAKING: CANDACE OWENS Just Exposed Why Trump Personally Begged Her to Shut Up About Brigitte Macron & Why The Same French Death Squad That Killed Charlie Kirk Is Now Hunting Candace Heres the Na*i MKUltra Secret Theyre All Protecting🤯 Candace is now 100% convinced the same French Foreign Legion death squad that assassinated Charlie Kirk is coming for her next and she finally revealed WHY Trump Charlie Kirk and others BEGGED her to stop digging into Brigitte Macron. Here is her exact bombshell revelation word-for-word summary: I now understand why Trump personally called me and told me to"
"1919849781410857424","2025-05-06T20:20Z","2800000","284500","https://x.com/ProjectConstitu/status/1919849781410857424","🚨 BREAKING: A third batch of Epstein court docs just dropped over 400 pages. Hillary & Bill Clintons names appear again along with Harvey Weinstein Prince Andrew and Alan Dershowitz. Handwritten logs. Underage victims. Global trafficking. The cover-up is unraveling. TIME FOR ARREST --- LOCK THEM UP (Share if you agree) #EpsteinFiles #Clinton #UnsealEverything #EliteExpose"
"1946339843031851225","2025-07-18T22:42Z","2800000","284500","https://x.com/ProjectConstitu/status/1946339843031851225","🚨ICE Agents Ambushed in LA Tow Trucks Stealing Government Vehicles Mid-Raid🚨 This is next-level insanity. In Los Angeles tow truck drivers are now intentionally targeting ICE agents stalking their vehicles during raids and towing them mid-operation while agents are detaining illegal immigrants. 📹 WATCH: These guys literally wait for ICE to park then swoop in and haul off their government vehicles so when the agents come back their cars are gone. Its not a joke. Its not protest. Its criminal obstruction and grand theft auto. I did some digging and traced the tow truck in the video using its"
"1972012449688600883","2025-09-27T18:56Z","2700000","284500","https://x.com/ProjectConstitu/status/1972012449688600883","🚨 BOMBSHELL: TRUMP DEPLOYS TROOPS TO PORTLAND 🚨 President Trump just made it official: hes sending in troops to Portland Oregon to crush the Antifa domestic terrorists who have turned an American neighborhood into a literal war zone while city leaders look the other way. For MONTHS Antifa has laid siege to the ICE detention facility in Portland. Night after night rioters show up armed with Molotov cocktails bricks lasers and explosives. They vandalize federal property launch assaults on ICE agents and terrorize the community. 👉 The streets are filled with constant smoke tear gas and"
"1997384413139890264","2025-12-06T19:15Z","2600000","244400","https://x.com/ProjectConstitu/status/1997384413139890264","🚨 MASSIVE UPDATE: The Marseille Hat Conspiracy Just Got DEEPER French Foreign Legion Assassin Ties EXPOSED 😱🔥 If you thought the French Legion soldier lurking 10ft from Charlie Kirk was wild. buckle up. Shoutout to @GoingStrategic (FOLLOW HIM) who dug HOURS into this rabbit hole & uncovered BREAKTHROUGHS that SCREAM foreign op. This isn't coincidence it's a pattern. Thread incoming but here's the BOMBSHELLS: 1 VIP SECURITY BREACH: The hat guy Likely on TPUSA's ""ALLOW LIST"" for the INNER SECURITY ZONE. He was 20ft from Charlie DURING the shot. Regulars don't get that close. We're talking"
"1992818495113887929","2025-11-24T04:52Z","2600000","250700","https://x.com/ProjectConstitu/status/1992818495113887929","🚨 CONFIRMED: Macron's ""Death Squad"" Behind Candace Owens Assassination Plot Russian Intel Confirms the Nightmare Is Real👀 Candace Owens just dropped a bombshell: A French gov't insider warns the Macrons greenlit her murder via elite Gendarmerie hit squadwith Israeli ties & links to Charlie Kirk's killer. Sound insane It's not. Russian ""Foundation for Fighting Injustice"" (FFI) report EXPOSES Macron's secret ""White Lily"" death squad led by his enforcer Alexandre Benalla (""Prince of Darkness"") ex-DGSE boss Bernard mi plotting ops Paris police chief Laurent Nuez training killers & Macron"
"1997263208483037248","2025-12-06T11:13Z","2400000","248300","https://x.com/ProjectConstitu/status/1997263208483037248","🚨 BREAKING: FRENCH FOREIGN LEGION SOLDIER CAUGHT 10 FEET From CHARLIE KIRK Right BEFORE The SHOT Same Unit Also HUNTING Candace Owens 😱 Same Unit Tied to the Candace Owens Hit Squad Im not saying its a coincidence but explain THIS Look at this photo from inside the secure zone at Charlie Kirks last event. Dead center: a man in a Marseille hat standing literally feet away from Charlie inside security perimeters that regular people couldnt even dream of getting through. Why does this matter Camp de Carpiagne the elite French Foreign Legion training base is 18 miles from Marseille. Same exact"
"2020353906555978214","2026-02-08T04:28Z","2400000","274100","https://x.com/ProjectConstitu/status/2020353906555978214","🚨EXPOSING The Turning Point USA ""Make Heaven Crowded Tour '""As A Surveillance Trap Documentary & Counter-Tech Operation THE MISSION: April 8 Philadelphia. April 13 Virginia Beach. Two ""Make Heaven Crowded"" events in seven days. We are deploying custom-built surveillance detection technology to expose exactly what is happening to attendees. Then we will release a documentary style film exposing our journey pitfalls findingseverything on film for the audience to see. WHAT WE'RE BUILDING: The ""Ghost Protocol"" Detection App We are developing a mobile application that transforms your phone into a"
"2024882129541243312","2026-02-20T16:21Z","2300000","270600","https://x.com/ProjectConstitu/status/2024882129541243312","🚨 BREAKING: TPUSA Whistleblower Reportedly Found DEAD After Preparing to Expose Alleged Erika Kirk Scams FBI Said to Have Opened Investigation (UNCONFIRMED Sources Say) The Turning Point USA saga has taken a dark and disturbing turn. According to multiple circulating reports and a new investigative video a TPUSA whistleblower who was allegedly set to blow the whistle on serious financial irregularities including possible merch/donation scams under the new leadership was found dead. At the same time sources claim the FBI has opened an investigation into TPUSAs finances shell companies foreign"
"2032201594662420890","2026-03-12T21:06Z","2200000","284400","https://x.com/ProjectConstitu/status/2032201594662420890","🚨EXCLUSIVE VIDEO: Today ON Her Podcast Candace Will Be Revealing The FOOTAGE From Behind CHARLIE'S HEAD That TPUSA Has Been Hiding Candace Ep 311 FOLLOW @RealCandaceO https://www.youtube.com/live/5-HUyv9LyMgsi=Uino9_EtUrDWSs4L https://www.youtube.com/live/5-HUyv9LyMgsi=Uino9_EtUrDWSs4L"
"2039802455395877274","2026-04-02T20:29Z","2200000","284500","https://x.com/ProjectConstitu/status/2039802455395877274","🚨 MYSTERY SOLVED: What Really Pulled the Fabric Over His Shoulder. WE NOW HAVE VISUAL PROOF😳 Massive shoutout to Jon Bray for obsessively tracking this down. This new 4K close-up of Charlies shirt changes EVERYTHING. We have said for months this was NOT a gunshot. It was an INTERNAL EXPLOSION detonated under his clothing. And now the evidence is undeniable. You can clearly see the explosive path: The blast starts at the left-side mic pack and detonates UNDER the fabric. The object is propelled UPward creating that signature ""pinched"" effect on the shirt as it races towards his neck. Then in"
"1978218989978284109","2025-10-14T21:58Z","2200000","284500","https://x.com/ProjectConstitu/status/1978218989978284109","🚨 URGENT: ""WTF Tyler Robinson's Dad Owns the Construction Company That Paved Over Charlie Kirk's Blood RT If You Demand Answers Who TF was the construction company that raced to UVU days after Charlie Kirk's assassination They ripped up the bloody grass where he was shot & slapped down a concrete padPLUS re-mudded the tunnel roof behind it. No-one knows who they are. Official silence = sus AF. GROK says Precision Granite & Marble LLC (owned by suspect Tyler Robinson's dad Matt Robinson). If true BOMBSHELL cover-up. I've scoured the net for factsCRICKETS. No names nada. I have not been able"
"1968798718557065574","2025-09-18T22:06Z","2100000","284500","https://x.com/ProjectConstitu/status/1968798718557065574","🚨JUST IN: Trump's Marine One in MID-AIR CRISIS Forced To Make An Emergency Landing In The UK Due To Malfunctioning Hydraulic President Trump and First Lady Melania's helicopter Marine One forced into an unscheduled emergency landing in the UK due to a hydraulics issue en route to Stansted Airport White House Press Secretary Karoline Leavitt: ""Out of an abundance of caution the pilots landed at a local airfield. The president and first lady safely boarded the support helicopter."" The 20-minute flight stretched to nearly 40 minutes but POTUS and FLOTUS are safe and continuing their second"
"2041115658860065040","2026-04-06T11:27Z","2100000","284500","https://x.com/ProjectConstitu/status/2041115658860065040","🚨SHOCKING: DOJ Releases NEW Video Showing Jeffrey Epstein Getting ""SERVICED"" By A Young Woman The Transactional Nature of the Abuse CAUGHT on Tape.😱 Another video just UNCOVERED in the Epstein files and it proves everything we suspected about the operation. This is not a ""massage."" This is Jeffrey Epstein in his element being serviced by a young woman whose face has been deliberately blacked out by the authorities. Why is Trump and The DOJ still protecting him This is the raw unfiltered evidence of the system in action. A powerful man a young woman whose face we're not allowed to see and"
"1963956329170473400","2025-09-05T13:24Z","2100000","284500","https://x.com/ProjectConstitu/status/1963956329170473400","🚨 SHOCKING VIDEO: Shady foreign-run trucking company caught on video swapping DOT numbers mid-run at a truck stopstraight-up ILLEGAL Looks like a ring of foreigners possibly smuggling drugs or people. Second truck I've seen do thisDOT #3243700 slapped on after a white truck hands it over. And get this: One of these outfits just rebranded as BORDERLANDERS. @SecDuffy @ICE time to investigate This screams border security nightmare. Who's watching our roads"
"2009230091415417113","2026-01-08T11:45Z","2100000","263200","https://x.com/ProjectConstitu/status/2009230091415417113","🚨 SHOCKING: Erika Kirk EXPOSED in Secret CIA-Linked Doc Briefing Officials on Grid-Wiping EMP Attacks Mom's Military EMPIRE Involved 😱 Unearthed 2010s documentary ""Black Start USA"" exposes Erika Kirk (ne Frantzve) briefing top officials like ex-CIA Dir. James Woolsey on EMP attacks that could BLACKOUT the US grid Directed by Patrea Patrick via Heartfelt Films LLC (not CIA-made but features Woolsey) it's all about untested ""Black Start"" restart protocols. In the video Erika Kirk (Frantzve) is seen briefing Intelligence officals But here's the TWIST: This ties DIRECTLY to her mom Lori"
"1996248942158152055","2025-12-03T16:03Z","2000000","261600","https://x.com/ProjectConstitu/status/1996248942158152055","🚨 EXCLUSIVE: Former Turning Point USA Insider DROPS NUKE on Charlie Kirks Empire Candace Owens is 100% RIGHT Donors NEED to Pull Their Money NOW 🔥 A 4-year TPUSA veteran and former Donor Relations Officer just went nuclear in a tearful tell-all video: I worked directly with the biggest donors what goes on behind the scenes is DISGUSTING. The people running Turning Point are the WORST of the worst. It took everything in me NOT to tell donors to take their money and RUN. Candace Owens is telling the truth Ive seen it with my own eyes. She literally says: Im not even a Candace fan but shes"
"1968645577945620533","2025-09-18T11:57Z","1900000","165200","https://x.com/ProjectConstitu/status/1968645577945620533","🚨BOMBSHELL: Marine Scout Sniper Analyzes 4 Angles of Charlie Kirk Assassination Footage MUZZLE FLASH Seen Proves FBI's Narrative is a LIE Shot Came from REAR RIGHT Not Front Roof 😱 My mind is blown this video from a former Marine scout sniper with 5 years experience and ballistics teaching background dissects the shocking assassination of conservative activist Charlie Kirk on September 11 2025 at a Utah university event. He starts with a clean slate assuming nothing from the FBI who he says routinely lies and focuses purely on ballistics from multiple camera views. Whats in the video"
"1991655679145209964","2025-11-20T23:51Z","1900000","230400","https://x.com/ProjectConstitu/status/1991655679145209964","🚨BREAKING: CANDACE OWENS Just Went There: BRIGITTE MACRON May Have ORDERED Charlie Kirk's ASSASSINATION To Protect Herself And Her Ties To The Very Much Still Active MK ULTRA PROGRAM Candace dropped a nuke tonight that no one saw coming. On September 8th her team was quietly reopening Brigitte Season 2 digging into whether Brigitte Macron was directly tied to the Stanford MK Ultra experiments the protected Prisoner 2093 and a still-operational program that allegedly creates serial killers and gives them new identities to operate freely in Western countries. Emmanuel Macrons own lawsuit"
"1974085156806824137","2025-10-03T12:12Z","1800000","284500","https://x.com/ProjectConstitu/status/1974085156806824137","🚨BREAKING: Senate Erupts in Laughter At CHUCK SCHUMER As He Accuses Liberal NYT of ANTI-DEMOCRAT BIAS🤣 LOL thats rich. Chuck Schumer stood on the Senate floor claiming The New York Times is biased against Democrats and members of both parties busted out laughing. 🤣 The liberal NYT being accused of antiDem bias He must be joking. Its so blatantly partisan against conservatives its absurd to hear that from him. Cant believe he actually said that. Anyone else see that moment What do you make of it"
"2002735380420755743","2025-12-21T13:38Z","1800000","250600","https://x.com/ProjectConstitu/status/2002735380420755743","🚨 BOMBSHELL Erika Kirk & Tyler Massey Were ENGAGED And Had a DAUGHTER  The Trump Rally Photo PROVES IT😱 Old photos from 2015 (during Trumps early campaign rallies) show Erika (then Frantzve) in a serious relationship with Tyler ""JT"" Massey a pro baseball player she called her ""incredible boyfriend"" in a magazine interview. They were reportedly engaged engagement-style photos and shoots circulated online (though no marriage records have been publicly confirmed). A close credible source claims they share a daughter together. The real bombshell A viral photo from one of Trumps first major"
"1995989523570856171","2025-12-02T22:52Z","1800000","233600","https://x.com/ProjectConstitu/status/1995989523570856171","🚨EXPLOSIVE BOMBSHELL: Candace Owens CONNECTS Charlie Kirks Assassination to a BILLION-DOLLAR DuPont Deal- TPUSA Insider's IMPLICATED Shes now publicly naming the mysterious French-American billionaire donor that multiple Turning Point USA insiders swear got an immediate phone call from leadership THE MINUTE Charlie Kirk was assassinated. The name: Pierre DuPont. Yes THAT DuPont family. According to 6+ separate TPUSA sources: A massive secret deal was on the table Not millions potentially BILLIONS tied to an upcoming IPO Only a tiny handful of people even knew it existed The second Charlie"
"1988666057872060850","2025-11-12T17:51Z","1800000","284500","https://x.com/ProjectConstitu/status/1988666057872060850","🚨 HOLY MOLY: Space Jet PROTOTYPE Proves America STILL Has The MOST ADVANCED Military In THE WORLD 🚀 Check out this INSANE US Space Force prototype space jet From a DEAD STOP thrusters flip the nose skyward like a boss then ROCKETS IGNITE for vertical liftoff straight to the stars Badass doesn't even cover it. Who's ready for space travel 2.0"
"1976018847691047015","2025-10-08T20:16Z","1700000","284500","https://x.com/ProjectConstitu/status/1976018847691047015","🚨BUSTED: Charlie Kirks Security Caught Syncing Watches Seconds Before Shooting Integrity Security Group Caught Even more suspicious evidence stacks up against Charlie Kirks own security detail the day he was assassinated at UVU. 👉 In this clip both Integrity Security Group guards look down at their watches at the EXACT same second just moments before Charlie was shot. Almost like they were waiting for a signal. When you add this to everything else 🔹 Strange hand signals seconds before the shooting 🔹 A handoff caught on video 🔹 Recording with hidden Meta glasses 🔹 Removing SD cards &"
"1990809700808655200","2025-11-18T15:49Z","1700000","210700","https://x.com/ProjectConstitu/status/1990809700808655200","🚨BREAKING: One Of The EGYPTIAN GHOST PASSENGER RENTAL VEHICLES Has Been SPOTTED At UVU On The DAY Charlie Kirk Was ASSASSINATED One of the vehicles: Arizona plate CWN9872 was caught on Utah DOT camera on University Parkway just 1.2 miles from UVU campus 25 minutes before the shot rang out. Driver completely obscured windows blacked out. The exact tag Candace Owens exposed as rented to A. Khalil Consulting and assigned to the unidentified passengers who flew in on the Egyptian military planes. Caveat: Witness says the tag was on a Black Tahoe Not a White Camry so it could be a false hit or"
"1990791732494237770","2025-11-18T14:38Z","1700000","213600","https://x.com/ProjectConstitu/status/1990791732494237770","🚨BREAKING: MYSTERIOUS PRIVATE JET @RealCandaceO Exposed that flew a WEIRD route on the MORNING Charlie Kirk was ASSASSINATED. Belongs to a MAJOR TPUSA DONOR who might've been FURIOUS over Kirk's shifting views on Israel. Coincidence Or something SINISTER Yesterday on her live Candace dropped THIS bombshell: ""There is another flight that I am now very interested in. The tail number is N560TW. It departed on the morning of September 10th from Scottsdale Arizona and landed in Provo at 10:06 AM. It then immediately turned around and departed for Santa Barbara. then back to Scottsdale by 12:44"
"2026501226708283797","2026-02-25T03:35Z","1700000","265100","https://x.com/ProjectConstitu/status/2026501226708283797","🚨 SHOCKING: THE MOMENT Trump CALLED OUT Erika Kirk's Name Watch Her REACTION 😫 Trump pauses during the State of the Union Looks straight toward the gallery And calls her out by name: His wonderful wife is with us tonight Erika please stand. Watch her reaction. The smile. The pause. The way she blank stares. This is the same Erika Kirk who became CEO of Turning Point USA weeks after her husbands assassination the one Candace Owens is about to put under the microscope starting tomorrow in The Bride of Charlie. Coincidence Or the most awkward timing in political history Clip is blowing up for"
"1937519785845149742","2025-06-24T14:34Z","1700000","284500","https://x.com/ProjectConstitu/status/1937519785845149742","🚨 The End of Prison Cells New Tech Simulates Decades of Time in Just Minutes A new concept called Cognify could let criminals serve 20+ year sentences in just 7 minutes all through an AI-powered brain implant. This is beyond Black Mirror. 👀Heres how it works: 🧠 The implant creates synthetic memories that feel like decades in prison. 😔 It forces offenders to experience the emotional + physical pain of their victims. 💡 They wake up with rewired empathy unable to commit the same crime again. 💸 And it could save BILLIONS in prison costs. Its being pitched as a solution to overcrowded"
"2039081848316502468","2026-03-31T20:46Z","1600000","284400","https://x.com/ProjectConstitu/status/2039081848316502468","🚨BOMBSHELL: Fragment Foun fIn Charlie's Neck Doesn't Match Gun Found At The Scene https://x.com/i/broadcasts/1XGygmQLXwVxM https://x.com/i/broadcasts/1XGygmQLXwVxM"
"2004767029367022011","2025-12-27T04:11Z","1600000","249300","https://x.com/ProjectConstitu/status/2004767029367022011","🚨 BOMBSHELL: Erika Kirk's ""ALIBI"" Just Got Completely DESTROYED Listen to What She Actually Said on Jesse Watters In her own Jesse Watters interview Erika Kirk admits: Charlie was ""at the office"" all day on Sept 9. She never once says she was with him. They were ""supposed to meet up"" for dinner with a friend to pray before the event. wait if she was really with Charlie ""all day"" in Tucson like Kolvet claims why would she need to ""meet up"" with him They would just go together. Her mom had a medical issue so Erika stayed in Phoenix to care for her. Charlie came home alone that night. Their"
"1925942192838684802","2025-05-23T15:49Z","1600000","284500","https://x.com/ProjectConstitu/status/1925942192838684802","🔥JD Vance sat down and had lunch with a group of soldiers while visiting Marine Corps Base Quantico (MCBQ) JD Vance is just a regular salt of the earth kind of guy. He is about as American as it gets folks. This is what I voted for"
"2027149541074698657","2026-02-26T22:31Z","1500000","265100","https://x.com/ProjectConstitu/status/2027149541074698657","🚨LIVE: The RECORD Breaking New Erika Kirk Docuseries ""BRIDE OF CHARLIE: Dr. Jerri & Mrs. Hyde Episode 2 Produced by @RealCandaceO is about to DROP NOW FOLLOW Her via @YouTube https://www.youtube.com/live/1IY2oD-_xVAsi=ZoOHrFyAFPA4Q3yE https://www.youtube.com/live/1IY2oD-_xVAsi=ZoOHrFyAFPA4Q3yE"
"1969377830351094086","2025-09-20T12:27Z","1500000","167800","https://x.com/ProjectConstitu/status/1969377830351094086","🚨BREAKING: Shocking PROOF FBI Caught LYING About Charlie Kirk's Killer Muzzle Flash Reveals TRUE Shooter Location in Charlie Kirk Murder New Video evidence discovered that shows a muzzle flash from the stairwell to right of where Charlie was seated that day definitively pinpoints the exact firing location o of the shooter. After hours of video analysis w/ gun experts ex-snipers & CIA assets we've PROVEN the shooter DIDN'T fire from the Sparks Automotive roof like they claim. Trajectory shows shot came from RIGHT SIDE SLIGHTLY BEHINDmatching exit wound on left neck (NO entry on back per"
"2026992811678040373","2026-02-26T12:08Z","1500000","264400","https://x.com/ProjectConstitu/status/2026992811678040373","🚨 BOMBSHELL: Medical Evidence Just DROPPED Dark Marks On Charlie's Hands Were NOT From a Bullet Or EXPLOSION They Were ELECTRICAL⚡😱 An ER nurse with 40+ years experience just came forward: CKs alleged left-hand burns appear to be Lichtenberg figures the exact skin pattern caused by high-voltage electrical injury. These are the signature fern-like burns you only see when someone is hit with thousands of volts (kV range). This directly supports Baron Colemans theory that Charlie Kirk was electrocuted not shot. Full case report on Lichtenberg figures from high-voltage electrical injury"
"1923772861837152330","2025-05-17T16:09Z","1500000","112000","https://x.com/ProjectConstitu/status/1923772861837152330","🚨 BREAKING NEWS: TRUMP DROPS IRAN DEAL BOMBSHELL ON AIR FORCE ONE 🤯 Last night President Donald Trump stunned reporters aboard Air Force One revealing a bold U.S. proposal for a NUCLEAR deal with Iran is OFFICIALLY on the table 🤝☮"
"2025983415908995387","2026-02-23T17:17Z","1500000","265000","https://x.com/ProjectConstitu/status/2025983415908995387","🚨LIVE: New Rear-Camera Footage of Charlie Kirk Assassination LEAKED This Changes https://x.com/i/broadcasts/1nxnRYRYydVxO https://x.com/i/broadcasts/1nxnRYRYydVxO"
"1930413932000256050","2025-06-04T23:58Z","1500000","284500","https://x.com/ProjectConstitu/status/1930413932000256050","🔥 Should Trump Replace Pam Bondi with Alina Habba as Attorney General 🔥 Alina Habba is making waves as the interim U.S. Attorney for New Jersey taking bold actions against corrupt politicians involved in recent controversies. Notably she charged Newark Mayor Ras Baraka with trespassing during a protest at the Delaney Hall ICE facilitya charge that was later dropped amid allegations of political motivation. (Probably at the direction of Pam Bondi) Additionally Congresswoman LaMonica McIver was charged for allegedly assaulting federal agents during the same incident. In contrast Pam Bondi"
"2025517147728802186","2026-02-22T10:24Z","1500000","265000","https://x.com/ProjectConstitu/status/2025517147728802186","🚨UPDATE: The Camera Girl Filming Charlie Kirk at UVU Has DISAPPEARED And Her X Account Has Been Completely Wiped 😱 New information has come in that I need the publics help to verify or debunk immediately. The young woman operating one of the main cameras at the UVU event on September 10th the one seen staying calm and continuing to film through the lens while everyone else panicked after the shot is Kelsey Parker a TPUSA videographer/content producer. 🔸She joined TPUSA in 2023 after freelancing for PragerU and The Daily Wire. 🔸She was credited in behind-the-scenes posts for running point"
"2024820832107704611","2026-02-20T12:18Z","1500000","265200","https://x.com/ProjectConstitu/status/2024820832107704611","🚨 BREAKING: DOJ Just SECRETLY DELETED Half A Million EPSTEIN Files OVERNIGHT While We We're LITERALLY Looking At Them 😱💥 They wiped roughly 500k files in Dataset 10 clean. Gone. The most damning evidence of elite corruption and criminal activity vanished in the middle of the night. This included: Howard Lutnicks full FBI investigation files (that mysteriously got dropped) Leon Black + Epstein meeting with Steve Bannon and WEF President Brge Brende Epsteins Skype messages with supermodels helping recruit underage girls some directly from Naomi Campbell Epstein catching gonorrhea and still"
"2032224659744162202","2026-03-12T22:38Z","1500000","274300","https://x.com/ProjectConstitu/status/2032224659744162202","🚨BREAKING: The Leaked SUV Photos from the Charlie Kirk Incident Are Going Viral The 2 Clues in Charlie Kirk's SUV That Shatter the Official Story😱 The official FBI crime scene photos from the SUV that rushed Charlie Kirk to Timpanogos Regional Hospital on September 10th have been leaked and they raise more questions than answers. These aren't theories; these are the images the government didn't want you to see. Let's break down what's wrong with this picture. First the small black shards scattered throughout the vehicle. The official story is a medical emergency. But what are these Many"
"2021434093813059797","2026-02-11T04:00Z","1400000","265000","https://x.com/ProjectConstitu/status/2021434093813059797","🚨 EXPOSED: Erika Kirk CAUGHT Posting FOOT Fetish Content With Her Own MOTHER This is the Woman Telling YOUR Daughters How to Behave🤢 You truly cannot make this up. The internet is forever and the receipts are absolutely disturbing. While Erika Kirk preaches to young girls about ""modesty"" and ""honoring your parents"" from the TPUSA stage we just uncovered what she was ACTUALLY doing during her Miss Arizona days in 2012. THE EVIDENCE: We stumbled across these archived tweets from radio host Johnjay Van Es interacting with Erika. He quotes a now-deleted tweet from her that says: ""ur wish is my"
"1972636023206121917","2025-09-29T12:14Z","1400000","284500","https://x.com/ProjectConstitu/status/1972636023206121917","🚨VANISHED OVERNIGHT: Tyler Robinsons Dairy Queen Suddenly Gutted & Emptied Closed Cleaned and Covered Up Suspicious Shutdown of Tyler Robinsons Dairy Queen Raises Alarms. What Are They Hiding @RealGeorgeWebb1 Wen't yesterday to the ""Dairy Queen"" tied to Tyler Robinson and shocker it's CLOSED completely gutted and fenced off emptied out FAST. Mops buckets a packed trailer in the lot trash still on the curb. Too quick. Too clean. Too convenient. 👀 Questions EVERYONE should be asking right now: Why was the store torn down within days of the shooting Who ordered the cleanup owner landlord or"
"1967467580039319737","2025-09-15T05:56Z","1400000","178000","https://x.com/ProjectConstitu/status/1967467580039319737","🚨 BREAKING UPDATE on Charlie Kirk Assassination: TMZ Video DEBUNKS Suspect Timeline Suspect spotted on 800 W Streetjust 0.25 miles from the shooter's roof perch. Video timestamp: 11:49 AM MDT heading toward the school. Charlie was shot at 12:20 PM. That's only 31 MINUTES to walk a quarter mile climb the roof set up sniper position all with out being seen. WITH A LIMP 🤔 Something STINKS here. Inside job Cover-up We need ANSWERS Share if you demand the TRUTH #CharlieKirk"
"1981126245640245453","2025-10-22T22:31Z","1400000","259500","https://x.com/ProjectConstitu/status/1981126245640245453","🚨 BREAKING: NEW IMAGE DROPS BOMBSHELL PROOF TYLER ROBINSON WASN'T ON THE LOSEE ROOF He Couldn't Have Shot Charlie Kirk Remember my first post exposing the FBI frame job This screenshot CONFIRMS IT: Tyler (or a dead-ringer decoy) SPOTTED CHILLING IN THE CROWD sitting on the ledge in the outdoor amphitheater RIGHT BEFORE THE SHOT No way he sprints to the roof in time. PATSY EXPOSED for unearthing this gem GO FOLLOW HER NOW for more truth bombs She's on fire 🔥Huge shoutout to @LetMeStopUThere @FBI@RealCandaceO This is IRREFUTABLE. DROP THE CHARGES on innocent Tyler BEFORE YOU RUIN A LIFE Who's"
"1940824089444151439","2025-07-03T17:24Z","1300000","266200","https://x.com/ProjectConstitu/status/1940824089444151439","🚨The BIG Beautiful Bill (BBB) Is A BAIT & SWITCH; We Were Lied To. All that talk about: ❌ No tax on overtime ❌ No tax on tips ❌ No tax on Social Security Yeah. not exactly true. Here's what they snuck in: ⚠ $12500 cap on untaxed overtime (LOL if you work real hours thats gone in a month) ⚠ $25K cap on tips (better but still a cap) ⚠ Social Security $6000 cap. Thats it. And worst of all Your paycheck won't change. They still take the taxes up front. You get the relief latermaybewhen you file taxes. Middle class families were sold a damn fantasy and handed a glorified IOU. This wasnt tax"
"1994407267890864483","2025-11-28T14:05Z","1300000","226900","https://x.com/ProjectConstitu/status/1994407267890864483","🚨 ILHAN OMAR PANICKING: ""You Can't Deport Me"" But As a Naturalized Citizen FRAUD Could STRIP Her of EVERYTHING Ilhan Omar just went on a smug rant: ""You can't deport an American citizen"" But hold upSHE'S RIGHT. kinda. Natural-BORN citizens can't. But NATURALIZED ones like her ABSOLUTELY if fraud's involved. Fellow immigrant calls her OUT: 🔵""You're cocky ungrateful and biting the hand that feeds you"" 🔵As a Zambian-turned-American he slams her for putting Somalia FIRST while trashing the USA. 🔵Allegations: Lied on citizenship app omitted facts committed fraudnow facing criminal probes that"
"2036201683550662913","2026-03-23T22:01Z","1200000","277100","https://x.com/ProjectConstitu/status/2036201683550662913","EXPLOSIVE TPUSA Accuses Joe Kent Of Leaking To Harm Erika Candace Ep 314 From: @RealCandaceO FOLLOW Her https://www.youtube.com/watchv=B9TyCs-6o_0 https://www.youtube.com/watchv=B9TyCs-6o_0"
"1995993095498834042","2025-12-02T23:06Z","1200000","235500","https://x.com/ProjectConstitu/status/1995993095498834042","🚨Candace Owens Just Dropped The Most EXPLOSIVE New Timeline Yet On The Charlie Kirk ASSASSINATION and its DARK. On July 11 Tucker Carlson went completely off-script at TPUSA torching Epstein foreign armies and Bill Ackmans mysterious billions. Tucker later told Candace it just came out of his mouth no plan almost spiritual. Days later: Egyptian government-linked yellow planes suddenly fly to Nebraska secret off-record meetings Nebraska announces massive Egypt trade deal. Planes hit Wilmington (classic money hub) then back to Cairo. End of July: Pro-Israel mega-donor Y Rifi inexplicably"
"2014567778653475055","2026-01-23T05:16Z","1200000","251000","https://x.com/ProjectConstitu/status/2014567778653475055","🚨 MAJOR UPDATE: Erika Kirk's Peach Bowl Mystery Man IDENTIFIED As JT Massey 😱 Remember my post about the tip from the guy who spotted Erika at the Peach Bowl getting cozy with an unknown dude Well the SAME source just hit my DMs after watching my latest video featuring Erika and JT Massey (aka J. Tyler Massey). He's now 87.5% SURE it was HIM From the original sighting: They were ALL OVER each othersuper handsy intimate vibes WAY more than ""just friends."" 😳 If this checks out it means Erika's already ditched Charlie and reignited things with her old ex-fling JT. Shocking Not really given"
"1989142899678703698","2025-11-14T01:26Z","1200000","207600","https://x.com/ProjectConstitu/status/1989142899678703698","🔥MUST WATCH🔥 Charlie Kirk's COFFIN Being Moved Into The HEARSE Mikey McCoy's REACTION Says It ALL Check out the amazing heroic supercalifragilisticexpialidocious Mikey McCoy perched off the side looking like maybe he has a guilty conscious . Notice Mikey didn't help carry Charlie's coffin in to the hearse either. 😱 Thought's Question's Comment's Put them down below and RT this share the truth. 🚨FROM SIDEKICK TO SUCCESSOR IN 6 WEEKS: Was Mikey McCoy Groomed to Replace Charlie Kirk 🤔Footage Shows McCoy Flee the Scene Was It All Planned A Disturbing Timeline: According to a reliable source"
"1972572041627705831","2025-09-29T07:59Z","1200000","179200","https://x.com/ProjectConstitu/status/1972572041627705831","🚨SHOCKING CLIP: Bullet Casing Bounces Off Tent After Charlie Kirk Shot Hidden Angle Revealed And It Changes EVERYTHING. Video 1: 👉 Watch closely: right after the shot a bullet casing flies up hits the top of the tent and falls straight back down. That shouldnt happen unless something went very wrong. Video 2: 👉 Even more disturbing: you can clearly see blood coming from Charlies right ear a sign he may have been shot from BEHIND not from the angle we were told. This completely blows apart the official narrative. The public deserves answers and full transparency. They cant hide this"
"1998882110724071805","2025-12-10T22:26Z","1200000","250100","https://x.com/ProjectConstitu/status/1998882110724071805","🚨 CANDACE OWENS JUST ENDED ERIKA KIRK ON LIVE PODCAST: WE NOW KNOW EXACTLY WHO SHE IS @RealCandaceO held nothing back tonight: I was giving Erika the benefit of the doubt grieving widow new CEO massive transition I wanted to wait and see. Well we waited. And tonight on Fox News she just showed her true colors in 4K. Erika Kirk went full scripted meltdown on Harris Faulkner: Called us all conspiracy theorists making money off trauma Demanded we stop investigating her husbands murder Defended the FBI like theyre the second coming Cried my team is exhausted while sitting on a $100M organization"
"1987582365531853305","2025-11-09T18:05Z","1100000","202300","https://x.com/ProjectConstitu/status/1987582365531853305","🚨 CHILLING PREMONITION: 20 MINS BEFORE Charlie Kirk's ASSASSINATIONMikey McCoy's 4K VIDEO Captures A SHADOWY FIGURE ON THE ROOF OF THE LOSEE BLDG Sniper Patsy Or Glitch😱 Fresh from Mikey McCoy's phone: Crystal-clear footage of Charlie hyping the UVU crowd tossing MAGA hats like confetti. Smiles everywhere. but zoom in on the Losee Building roof. What's THAT A silhouette lurking Scoped rifle glint This drops RIGHT BEFORE the shots echo. Is It a person a shadow or what You tell MEwatch frame-by-frame and DECIDE. Evidence like this is why they paved the scene overnight. No more hiding 🔥 Tag"
"1937994457665728913","2025-06-25T22:00Z","1100000","135500","https://x.com/ProjectConstitu/status/1937994457665728913","🚨 BREAKING: Submarine Spotted Off the Coast of Myrtle Beach 🌊🧨 A man is going viral after claiming he saw a submarine just yards offshore at Myrtle Beach South Carolina and now the Coast Guard and local police have swarmed the area. 🎥 In his video lifeguards are seen urgently clearing the beach Coast Guard aircraft hovering and beachgoers running for safety. He says ""That was 150% a submarine"" and alleges multiple news outlets are contacting him behind the scenes for his raw footage not to air it but to possibly cover it up. 💥 Heres what makes this even more insane: 👉 Why isnt this"
"1998576274999054654","2025-12-10T02:11Z","1100000","257800","https://x.com/ProjectConstitu/status/1998576274999054654","🚨BREAKING: CANDACE OWENS Just Went LIVE Visibly SHAKEN: The French President's ALLEGED HITMAN Has MOVED To Her Town In TENNESSEE🤯 His real name: Arcadi Gaydamak (Russian-Israeli billionaire French intelligence asset convicted arms trafficker) His current alias: Jonathan Schmidt His new job: Tech officer at Root Brands in Nashville (a billionaire doesnt need a day job) When he moved: June 2025 Where hes house-hunting: Brentwood/Franklin area Who hes bringing in: Hand-picked Ukrainian war refugees (including a guy named Alex Smirnoff) Candace revealed this on air yesterday after SEVEN"
"2035267475625885728","2026-03-21T08:09Z","1100000","284300","https://x.com/ProjectConstitu/status/2035267475625885728","🚨 EXPOSED: Joe Rogan and Mark Normand Just Went SCORCHED Earth On Erika Kirks ""Crazy Eyes"" And Calling Out Her Past Of Being A ""STAR FU*KER""😱 The JRE crew isn't buying the act. From reality TV to ""CIA films"" to ""Star Fu*ker"" behavior the history of the woman who ""married"" Charlie Kirk is getting darker by the day. The Takeaways: ""Star Fucker"": Mark Normand calls it like it isseeking fame and wealthy men at any cost. The ""CIA Films"": Rogan muses over Erika's past CIA connectionsErika was allegedly in ""weird internal CIA films."" ""Crazy Eyes"": Even Joe sees the intensity that looks more like a"
"1949765285541499077","2025-07-28T09:34Z","1100000","284500","https://x.com/ProjectConstitu/status/1949765285541499077","🚨BREAKING UPDATE: The Woman Who We Exposed In The Below Viral Video Interfering With An ICE Apprehension HAS OFFICIALLY Been Arrested And Charged Federally. She was taken into custody this morning and hit with charges under 18 U.S.C. 111 assaulting resisting or impeding federal officers. A criminal arrest warrant was signed off by a federal judge. Once Again Great Job ICE And Yet Another Lesson For These Dumb Libtards FAFO 🔥 🚨TODAY IN ENCINITAS: Heres another Yoga Hoser Brainwashed Valley Girl California Democrat who also needs to learn the meaning of FAFO. Hey @ICEgov charge her next This"
"2038167542057857524","2026-03-29T08:13Z","1100000","284500","https://x.com/ProjectConstitu/status/2038167542057857524","🚨EXPOSED: Here's What Joe Kent COULDN'T Say On Alex Jones Show12 FOREIGN Cell Phones Were On The Ground At UVU When Charlie Kirk Was Assassinated.😱 When Joe Kent went on Alex Jones and admitted his team discovered a ""foreign nexus"" immediately following the assassination of Charlie Kirk he was careful not to name the specific country. But when you piece together his timeline with the massive bombshell just dropped by @RealCandaceO the entire cover-up falls apart. We know exactly what the FBI was trying to hide. Here are the facts: Kent confirmed that the second his team found leads"
"1931255372020355479","2025-06-07T07:42Z","1100000","127500","https://x.com/ProjectConstitu/status/1931255372020355479","🚨BREAKING: The Trump vs. Elon Feud Yeah We Got Played. 🎭 What looked like a chaotic fight was actually a perfectly executed trap and the left walked right into it. 😂 Heres how it went: 1 Trump disowns Elon on CNN 📺 2 Elon pretends to beef with Trump on X 👀 3 Leftists think Elon is one of them again 4 Suddenly theyre buying Teslas 🚗 loving SpaceX 🚀 & boosting X 📱 5 BOOM X shoots back to the #1 news app in America 🔥This wasnt a feud. It was a covert PR operation to get the heat off Elons companies and manipulate the left into supporting everything they claimed to hate. You think Trump"
"1966177030887845923","2025-09-11T16:28Z","1100000","252300","https://x.com/ProjectConstitu/status/1966177030887845923","🚨 BREAKING: FBI Names PERSON OF INTEREST in Charlie Kirk Assassination This suspect is armed & dangerousauthorities NEED YOUR TIPS to bring him to justice. He must be found & held accountable Call NOW: 1-800-CALL-FBI or contact @FBISaltLakeCity. Share to spread the word"
"2000070289636438054","2025-12-14T05:08Z","1000000","240400","https://x.com/ProjectConstitu/status/2000070289636438054","🚨EXPOSED: Erika Kirk's Bizarre CBS Excuse for Egyptian Surveillance Flights She Debunks Claim NOBODY Made About Egyptian Planes Why So Defensive Erika Kirk just went on a PRE-STAGED CBS Town Hall (complete with Deep State favorite Bari Weiss as the ""interviewer"") and delivered the most tone-deaf strawman-filled rant yet about the Egyptian planes tracking her. She actually laughed off the Egyptian surveillance flights as haha funny becauseshe claimsshe was pregnant for 90% of those trips and too busy craving In-N-Out and chocolate milkshakes to hop on any Egyptian plane. Hold up. NOBODY ever"
"1925645964724797711","2025-05-22T20:12Z","1000000","284500","https://x.com/ProjectConstitu/status/1925645964724797711","🚨 BREAKING: Biggest Political Scandal in Over a Decade Rocks Biden Administration 🚨 People have been named in the Biden Autopen Scandal 🔥 Explosive allegations have surfaced exposing what could be the most significant political scandal in at least a decade Sources claim that unelected officials in the Biden White House including Mike Donilon Steve Ricchetti Bruce Reed Anthony Bernal First Lady Jill Biden and Annie Tomasini were running the country using an autopen to sign executive orders and pardons while President Biden was allegedly sidelined by cognitive decline. Rep. Byron Donalds"
"1971363193063628815","2025-09-25T23:56Z","985900","284500","https://x.com/ProjectConstitu/status/1971363193063628815","🚨💥 38 SECONDS OF PURE SEDITION CAUGHT ON TAPE 💥🚨 The biggest political scandal in U.S. history makes Watergate look like childs play. In just 38 seconds of leaked video the entire operation to overthrow the elected President of the United States is exposed from the White House down. According to Director of National Intelligence @DNIGabbard: Barack Hussein Obama ordered the overthrow of the U.S. government on behalf of Hillary Clinton after the 2016 election after the American people said NO. We wanted Donald Trump as our Commander-in-Chief not Hillary Clinton. The names are staggering"
"2033908057382494293","2026-03-17T14:07Z","981500","280000","https://x.com/ProjectConstitu/status/2033908057382494293","🚨BREAKING: Erika Kirks Went On A Shopping SPREE The Day AFTER Charlie Was Assassinated But EVERYONE Grieves Differently Right 😱 We are told a story of a tragic loss and a movement in mourning. But the digital receipts tell a different storyone of a woman who wasn't catatonically depressed but instead was ready for a wardrobe refresh. 🧾 The Receipt: September 11th 2025 According to a verified leak from an insider at Alo Yoga a purchase was made under the name Erika Fransve (her maiden name) just hours after the world learned of Charlie Kirks assassination. The Timing: Charlie was pronounced"
"2035101055017488723","2026-03-20T21:07Z","946100","280100","https://x.com/ProjectConstitu/status/2035101055017488723","🚨 BOMBSHELL: Was The INVESTIGATION Into Charlie Kirks Assassination Intentionally SABOTAGED Former Counter-Terrorism Director Joe Kent just dropped a massive reveal on @MegynKellyShow . He confirms the NCTC was SHUT DOWN from pursuing viable leads involving foreign actors and government ties. The most chilling part Multiple accounts predicted the exact date and method of the shooting days before it happened. ""Extreme coincidence"" or a coordinated hit Joe Kent says the FBI and DOJ effectively killed the probe by letting it ""die in process."" Why is the government protecting the truth FOLLOW"
"2031128156396994789","2026-03-09T22:01Z","943700","280300","https://x.com/ProjectConstitu/status/2031128156396994789","🚨 CANDACE OWENS NUKES THE MATRIX: Props to Tucker Carlson for Exposing Occult Witchcraft in Government The Spell is Breaking 🔥👁 From tonight's explosive Candace Owens podcastShe goes ALL IN praising Tucker Carlson who's VIRAL AF right now for shattering narratives: ""What he is doing is so remarkable and brave. challenging our understanding of politics."" Tucker's simple tweet ""Pray that the spell breaks and the world is saved."" Haters melting down over ""spell""why It screams WITCHCRAFT and MAGIC at play in high places Candace nails it: Occult practitioners are PUSHING WW3. Pagan elites in"
"2040298180747624959","2026-04-04T05:19Z","919300","277200","https://x.com/ProjectConstitu/status/2040298180747624959","🚨SHOCKING: Why Wont The Pentagon Tell Us WHO Was On Pete Hegseths SAM Jet When It Flew Directly Over The Exploding AES plant On Oct 10 And Was Over Fort Huachuca Sept 8-9 ✈🤔 The SAME U.S. military VIP jet (99-0404 / SAM callsign) that Pete Hegseth has been documented flying on repeatedly Flew directly over Fort Huachuca on September 8th & 9th 2025 Then flew directly over the AES explosives plant in Tennessee on October 10th the exact day it exploded killing 16 workers while flames were still burning. Who was on that plane Why was a Secretary of Defense-linked aircraft circling these exact"
"1995183361317576903","2025-11-30T17:29Z","900300","211900","https://x.com/ProjectConstitu/status/1995183361317576903","🚨 HEARTBREAKING VIDEO: Illegal Immigrant Drunk Driver Passes Out at Wheel Slams into Elderly Woman and Her Dog Hero Motorcyclist Springs into Action His helmet cam footage captures the terrifying moment an illegal immigrant intoxicated behind the wheel loses consciousness and crashes head-on into an innocent elderly woman's car. She's trapped inside with her beloved dog both injured in the chaos. Enter the hero: The motorcyclist doesn't hesitate he rushes in frees the woman and her dog from the wreckage and guides them to safety. Bystanders step up to provide immediate medical aid as they"
"1950405428896289050","2025-07-30T03:57Z","888600","140800","https://x.com/ProjectConstitu/status/1950405428896289050","🚨LIVE: EMERGENCY TSUNAMI WARNING ISSUED FOR HAWAII AFTER EARTHQUAKE NEAR RUSSIA https://x.com/i/broadcasts/1kvKpybERoQGE https://x.com/i/broadcasts/1kvKpybERoQGE"
"2010162703508070893","2026-01-11T01:31Z","853600","274300","https://x.com/ProjectConstitu/status/2010162703508070893","🚨 The Charlie Kirk ""shooting"" is one of the biggest cover-ups in American history and the evidence is exploding right in front of us. Forget the fairy tale about Tyler Robinson and his magic 30-06 from the rooftop. The official story doesn't hold up when you look at the REAL footage. Charlie was wearing a tempered glass lavalier microphone (RDE wireless style). Stew Peters dropped the bomb: glass shards EVERYWHERE in the transport SUV flying on video during the collapse embedded in clothing classic signature of an explosive shatter just like the Hezbollah pager bombs in 2024. But zoom in"
"2027159553024852026","2026-02-26T23:11Z","775600","262900","https://x.com/ProjectConstitu/status/2027159553024852026","🚨 EPISODE 2 JUST DROPPED And Erikas Own Ex-Boyfriends Are All Saying The Same Thing 😳 Candace went straight for the jugular in the new episode of The Bride of Charlie. Shes been speaking to Erikas exes and every single one of them says the exact same thing: I do not recognize who this human is at all anymore. The person she is pretending to be is very different from the woman I dated. Then came the creepiest story yet: One ex told Candace that Erika woke up one morning and claimed his dead grandfather had visited her in a dream with a special message for him. Candaces perfect comparison: It"
"1932333627381076117","2025-06-10T07:06Z","755400","122000","https://x.com/ProjectConstitu/status/1932333627381076117","🚨BREAKING: RIOTERS THREW SUSPECTED PIPE BOMB NOW JUST NOW IN LA AND BLEW UP A CAR Here We Go Again More LIVE LA RIOTS https://t.co/9IuJg0E2wf Here We Go Again More LIVE LA RIOTS https://t.co/9IuJg0E2wf"
"1969481831788790099","2025-09-20T19:20Z","754200","170000","https://x.com/ProjectConstitu/status/1969481831788790099","🚨 MAJOR UPDATE: NEW VIDEO EVIDENCE IN CHARLIE KIRK MURDER CASE ENTRY WOUND SPOTTED ON NECK A friend sent me this INSANE clip zooming in on the exact moment Watch the indentation & BLUR from a fast-moving object (bullet) hitting Charlie's back neckshirt jumps on impact No way that's a flinch This LINES UP PERFECTLY with our trajectory analysis: Shot from RIGHT SIDE/BEHIND entry on back right neck exit on left front (massive blood splatter). We might need clearer footage to confirm 100% but it's PLAUSIBLE AF & DESTROYS FBI's roof shooter BS even more Clear as day in the videntry wound evidence"
"2048293798287901139","2026-04-26T06:51Z","724800","284500","https://x.com/ProjectConstitu/status/2048293798287901139","🚨 WHCD SHOOTER: Cole Thomas Allen Connected To Our Favorite AllySeen wearing IDF Sweatshirt And Searched In Israel A Week Prior To The Event. The mainstream media is already working overtime to paint Cole Thomas Allenthe WHCD shooteras just another ""LONE WOLF"" deranged liberal from Torrance. But when you look at the digital trail they tried to scrub the ""Lone Wolf"" story falls apart. 1. THE ISRAEL FOREKNOWLEDGE: How do you explain this Google Trends shows a massive spike in searches for ""Cole Thomas Allen"" originating from Israel on April 23rdTWO DAYS before he stepped foot in the DC Hilton."
"2032759496309686700","2026-03-14T10:03Z","705100","273400","https://x.com/ProjectConstitu/status/2032759496309686700","🚨FOLLOW-UP: The Erika Kirk Audio is rREAL and the context is even more DAMNING than we Initially Thought. Let's clear up the disinformation first. The audio file from the DOJ has no year listed only April 20th. Anyone telling you they know the exact year is lying or speculating. The facts are what matter and the facts are in the recording. Now let's connect this bombshell audio to the other bombshell revelations from @RealCandaceO. Candace has already exposed Erika's deep ties to Epstein's network in both Romania and New York City. The most crucial piece of information Erika was the real"
"1983229744675000738","2025-10-28T17:49Z","698800","205600","https://x.com/ProjectConstitu/status/1983229744675000738","🚨BREAKING: New Video PROVES Charlie Kirk's SECURITY BLOCKED STAND-BY EMS CREW From Providing CRITICAL LIFE-SAVING AID In The Minutes After Charlie Kirk Was SHOT New footage captured by ""grey shirt guy"" corroborates insider reports: On-site EMS personnel were prevented from providing critical life-saving care to Charlie immediately after he was shot. Watch as security rushes him into an SUVEMS right behind ready to assist. Yet theyre abruptly halted at the vehicle. One team member even offers their trauma kit (gauze AED essentials for en-route stabilization)rejected outright. Why Why block"
