"tweet_id","created_at","engagement","favorite_count","retweet_count","reply_count","text"
"'2039541938068611375'","4/1/2026 23:14","1414","1253","114","47","@BlakeSNeff It’s fascinating to watch you descend into such an emotional, hysterical state. You’re calling her a ""maniac"" and a ""predator"" because it’s much easier to hurl ad hominem attacks  than it is to address the actual claim.

You expect us to believe that Charlie Kirk—a man who spent his entire career championing traditional values and the importance of mothers being in the home—suddenly decided his wife should take on a grueling, high-travel CEO position for his young children? 

Does that sound like the Charlie Kirk we know, or does that sound like a desperate lie? 

Especially considering the reports that he was seeking a divorce at the time? The math isn’t mathing, Blake.

The truth is, you won’t release the video because the video doesn’t exist. You are bluffing to protect a narrative that is crumbling under the weight of all t=of the egyptian planes you pretend don't exist.

Keep the name-calling; I’ll keep the receipts. If you aren't a coward, release the tape. Otherwise, stay quiet and get exposed. 👋"
"'2039386815933603905'","4/1/2026 12:58","1269","1181","75","13","@charliekirk11 STOP!!! 🛑
Stop posting from a dead mans account you scumbags.🤬"
"'2044288786188640352'","4/15/2026 1:36","708","660","16","32","That's a lie
@BlakeSNeff
. She couldn't attend in person that day because of short notice and plans for her Husband's birthday. Also despite the actual credible assassination plot on her life (unlike Erika's) she still tried to reschedule and you guys acted petty AF like the little girl you are and basically told her to pound sand. Don't make me pull the clips because I will..."
"'2044384297197379721'","4/15/2026 7:56","658","595","23","40","@NatlyDenise_ so you mock the credible death threat candace had on her life but clutch your pearls when when we do the same to Erika? Right... Totally makes sense🤡"
"'2049132162545320272'","4/28/2026 10:22","344","309","20","12","because you ARE a FED and Erika Kirk DID participate in Charlie's assassination and/or the coverup in my opinion. Also @baroncoleman  is right, you're X feed is extremely disingenuous and irresponsible. You constantly push lies and falsehoods to appease your employers. i would have expected much better from a literal  descendant of a Kandahar Giant. Shame on you Gary."
"'2044334301165027393'","4/15/2026 4:37","270","248","14","8","@WellsJorda89710 Funny how none of you shills clutching your pearls and pretending to be Christians took the threat against Candace Owens seriously. Also Erika herself says they get threats all the time and it's just business as usual, so what changed? https://t.co/GJbLqvVUSj"
"'2043691826897432693'","4/13/2026 10:04","259","204","47","8","Edward Snowden Leaked Slides For CIA Prism Database Containing Erika Kirk's Mom's name Lori Frantzve being listed as a ""NSA Agent"". https://t.co/Y03gKMwqDt"
"'2048307049914618118'","4/26/2026 3:43","248","222","22","4","@BasedSamParker Reposted. Thats wild, they absolutely cut her off intentionally. Also the Koline Leavitt interview aout ""Shots fired"" reminds me exactly of the setup foreshadowing Charlie Kirk's assassination with Hunter Kozak;s question about Mass shooters."
"'2040306355332960377'","4/4/2026 1:51","233","215","16","2","Who cares Gary? The spent shell casing was NOT found at the seen, it was still in the chamber of the bolt action rifle they claim to have found wrapped in a towel.  it was never ejected so of course it matches the rifle dummy. the problem is:

1.) They lied on the ATF report claimin git was found at the scene when it wasn't and 

2.) they still cant link that rifle to the death of Charlie Kirk. https://t.co/6cCJaIhQTl"
"'2044329132889108944'","4/15/2026 4:17","168","152","5","11","@ClayTravis Erika Kirk is an intelligence asset, Not a WIDOW. She also is CEO of a company worth over $200 million. She's open to criticism whether she likes it or not. If she didn't want the heat she should of thought about that before covering up her husband's murder."
"'2047511850242207787'","4/23/2026 23:04","130","121","3","6","@SwordTruth @RepDavid TPUSA are fucking liars as usual."
"'2044310098239975774'","4/15/2026 3:01","119","104","10","5","you got that backwards @GrahamAllen, the only Jezzebel i see is Erika Frantzve. She's been nothing but a disingenuous, inauthentic fame whore her entire life. Every one of her relationships have been nothing more than a social climb. In the words of a good friend of mine she's a Pro Ho."
"'2044315668363755700'","4/15/2026 3:23","116","101","6","9","Facts! Evcen i get death threats from rando's online, nothing credible though.  Also before Candace even starting exposing her, Erika has been quoted in the past as saying they get alot of death threats but that hasn't stopped her before?. So how come all of a sudden now she's scared?"
"'2039900945866224105'","4/2/2026 23:00","85","78","4","3","Yeah Charlie was all about debate, he wouldn't be threatening lawfare against his critics. he never once did that. TPUSA has refused to answer any of our questions, even after inviting us to ask them questions directly in the cease and desist letters they sent us. it's really sad and completely insane."
"'2048950173489844290'","4/27/2026 22:19","62","49","1","11","i am so sick of her fake tears and emotional blackmail she tries to use to shame us all into accepting her. she is completely inauthentic, a bad actress and literally everyone hates her as the Duski skit pointed out. 

Seriously if she really cared about her kids she would step down from TPUSA and spent her time at home with  them."
"'2041952967339708682'","4/8/2026 14:54","57","56","0","1","@MNN57591 not at all especially considering Erika was not living or acting Christian-like at that time"
"'2044327862459682939'","4/15/2026 4:11","54","47","4","3","Newsflash... Candace Owens has NOTHING to do with what people think. Erika Kirk and Turning Point's own actions, plus the evidence uncovered have caused people to believe they participated in his murder. The only people out here tryin got brainwash the public running coordinated Psyops is your side.  
The Truth doesn't need convincing..."
"'2044333673344881057'","4/15/2026 4:35","53","48","4","1","@JackPosobiec Tell that to Erika herself. Funny nobody took the threats against Candace seriously? https://t.co/v4spjV6dq3"
"'2049124577628848420'","4/28/2026 9:52","46","39","5","2","@HubaJoy probably because she participated in her husband's assassination.  Erika is one cold, calculated, and evil Psychopath."
"'2047745786000060808'","4/24/2026 14:33","43","34","4","4","@SennicksLewis according to her yes but it's all a lie because Erika was actually at the event and was caught lying. she just didn't want to go out on the stage and made up the fake threat excuse about people tracking her plane."
"'2042840938670604633'","4/11/2026 1:43","14","13","0","1","@Rissajohns So true, especially Erika."
"'2049137423322366456'","4/28/2026 10:43","10","8","2","0","doesn't matter, TPUSA is done. they are toxic. their rating have plummeted, schools are denying their request to hold events, canceling events, Chapters are disassociating from them, Churches are even cancelling  TPUSA events because of the backlash. they can piut whoever they want in that position but the org is already dead. it died on September 10th with Charlie."
"'2049538928160428537'","4/29/2026 13:18","8","6","1","1","@anna19738 Erika absolutely participated in the cover up and it's up for debate if she had foreknowledge but nobody ever said especially Candace that Erika KIlled Charlie."
"'2041259208922804310'","4/6/2026 16:58","4","4","0","0","they all were involved in either the murder, the cover-up or both but it was authorized and planned by Israel. I have been a fan of Charlie for since covid and far as Erika, i never really paid attention to her before. looking back now and seeing all her old speeches with him and stuff there were many red flags though that something wasn't right. Poor Charlie"
"'2044334581730382206'","4/15/2026 4:38","1","1","0","0","@CinemaShogun What's insane is all you paid shills didnt take the threat against Candace seriously. What Hypocrites. Also Erika said this ICYMI https://t.co/trOY62C2wR"
"'2040395570443862127'","4/4/2026 7:46","1","1","0","0","Hey Jared, i have a question about the Aspen Donor retreat with Charlie Kirk you had attended.  Can you please confirm whether or not you heard Charlie KirK explicitly say  I appoint my wife to run Turning Point USA if something happens to me, Erika would do a great job""? I am trying to clear this issue up. I know you were in attendance because you had posted on your Instagram that you were as well as a picture of You and Charlie. Thanks so much for time."
"'2038798949235253468'","3/30/2026 22:02","0","0","0","0","there was mNO autopsy. whatever autopsy they are claimign to have done in my opinion is fake to cover their tracks. the police audio confirms NO autopsy at the request of the widow. aka Erika Kirk. that is actually illegal though for there to be no autopsy on a homicide, so when i and other caled out that there wasn't an autopsy they scrambled and tried to pretend there was."
"'2038995036965158977'","3/31/2026 11:01","0","0","0","0","OK tell yourself whatever you want but ""We The People"" don;t buy it. we see right through you and your pathetic attempt to gaslight everyone. It's apparent to all that you are nothing but a paid shill for Israel/ TPUSA that sold out and sold your sole for a few thousand dollars. You we're NEVER Charlie's friend. You really should repent because God does not look kindly on liars."
"'2038253869734441180'","3/29/2026 9:56","0","0","0","0","This is exactly how PR spin-doctors and intelligence operatives work, and it exposes exactly what TPUSA is doing behind the scenes to control the narrative.

Andrew Kolvet has a massive platform. If he actually had definitive proof to clear his name and crush these rumors, he would drop the timestamped boarding manifest and tarmac photos directly on his own timeline for the world to see. Instead, he leaks a meaningless piece of paper to a smaller account. Why?

Here is exactly what is happening:

He operates in the shadows. It is the exact same playbook he used when he fed selective ""intel"" to Gary at Paramount Tactical. Andrew knows that if he posts the itinerary himself, he opens himself up to direct cross-examination and public scrutiny from heavyweights like Candace Owens. His timeline would be dismantled in seconds. So, he uses cut-outs.

By feeding this ""exclusive"" itinerary to lower-tier influencers, he manufactures loyalty. He strokes their egos and makes them feel like they are officially part of the TPUSA ""insider team.""

The transaction is incredibly transparent. Andrew gives them a breadcrumb of access, and in return, they become his attack dogs. They go on the offensive, attacking Candace and smearing independent journalists, all while Andrew keeps his hands perfectly clean. He gets to sit back and just comment, ""This is factual,"" letting his proxies take all the heat for laundering a bad alibi.

And you are 100% correct on the actual evidence. An itinerary is a booking confirmation. It is a piece of paper that says who intended to buy a ticket. It is not a boarding pass. It is not a flight manifest. It proves absolutely nothing about who was physically sitting in those seats when that plane left the runway in Santa Barbara.

They are using proxies to launder a fake alibi, and the American people are seeing right through it."
